{
    "learning_rate": 0.1441785028265748,
    "max_depth": 12,
    "reg_lambda": 6.122792085184975,
    "subsample": 0.7780119263280894,
    "colsample_bytree": 0.7370037701322227,
    "n_estimators": 900,
    "random_state": 42,
    "verbosity": 0,
    "tree_method": "hist",
    "device": "cuda",
    "early_stopping_rounds": 50
}